[
  {
    "ministere": "Ministère du Genre, Famille et Enfant",
    "formes_genre": 65,
    "point_focal": true,
    "integration": 58,
    "score": 72
  },
  {
    "ministere": "Ministère de la Santé Publique, Hygiène et Prévention",
    "formes_genre": 55,
    "point_focal": true,
    "integration": 46,
    "score": 66
  },
  {
    "ministere": "Ministère de l’Éducation Primaire, Secondaire et Technique",
    "formes_genre": 34,
    "point_focal": false,
    "integration": 30,
    "score": 44
  },
  {
    "ministere": "Ministère du Plan",
    "formes_genre": 40,
    "point_focal": false,
    "integration": 35,
    "score": 50
  },
  {
    "ministere": "Ministère des Finances",
    "formes_genre": 28,
    "point_focal": false,
    "integration": 22,
    "score": 39
  },
  {
    "ministere": "Ministère du Budget",
    "formes_genre": 31,
    "point_focal": true,
    "integration": 25,
    "score": 43
  },
  {
    "ministere": "Ministère de l’Agriculture",
    "formes_genre": 37,
    "point_focal": false,
    "integration": 29,
    "score": 47
  },
  {
    "ministere": "Ministère de l’ESU",
    "formes_genre": 29,
    "point_focal": false,
    "integration": 24,
    "score": 41
  },
  {
    "ministere": "Ministère de l’EPST",
    "formes_genre": 33,
    "point_focal": true,
    "integration": 27,
    "score": 45
  },
  {
    "ministere": "Ministère de l’Intérieur",
    "formes_genre": 22,
    "point_focal": false,
    "integration": 18,
    "score": 34
  }
]